Media Filename,Media Caption
media/B6478071-5F1B-4B09-BD14-8F0018158950.jpg,""
media/60988621-F984-4ED2-A738-59CD9198FA8B.jpg,""
media/6132E452-E3C0-4A09-99D9-05316096CDE9.jpg,""
media/7C3DC949-5D2E-4366-92B0-93D17380AA5D.mp4,""
media/8F52DCB9-998B-41A3-BE84-42F672B60431.jpg,""
media/775B7A11-387A-489F-897E-C4BAB80A04B2.mp4,""
media/C35626BD-4BFA-4FBD-ADCD-3E46E57D65B0.mp4,""
media/4015AB8F-77C4-4984-90DC-CFFB6264F753.mp4,""
media/0389BF09-A495-4CEC-AF2A-864315AB0453.jpg,""
media/CE3775B4-7CB0-45B9-8FAA-2381E9244381.mp4,""
media/300173DA-4D92-4713-852D-71DCD28E142E.mp4,""
media/EC78765A-D10D-4941-87A9-FDB650BFFB32.jpg,""
media/91C12239-4222-4261-B595-7D048D58C407.jpg,""
media/0B5692AD-E86C-44FA-8CE2-BD0440839AE3.jpg,""
media/1866C511-9C71-4130-A782-FB5A6C09E1BD.jpg,""
media/92C4DA91-1A46-4796-BF30-B74247A67A1D.mp4,""
media/CAA75E44-7DDB-4127-91D3-D740A4F24132.jpg,""
media/3E1D1735-9A38-468A-B166-34D74D6034B7.jpg,""
media/EC45E474-1603-4EC8-B4AC-3724086ACFCC.mp4,""
media/D675A51D-A25F-48F5-BB5F-13E3A6C9CB38.jpg,""
media/3B992181-3D4F-41DC-8FE9-44343C9B67BB.jpg,""
media/08EAB41A-66D1-4539-A41B-C0227ECC19ED.jpg,""
media/83F24F48-601F-47B3-973C-19D622D184F1.jpg,""
media/1BB8002E-0CD8-4B7C-A812-C094F81D90A8.jpg,""
media/55441808-6A14-44D3-B63D-7D7D14C1A2B6.jpg,""
media/92D39D3B-795F-46EA-A087-979CFB77AFF8.jpg,""
media/F1A6103E-4010-4A97-B33F-3964AE047564.mp4,""
media/AB7C2F07-6E00-4CC6-ABE4-BC7FCCF1C6E0.mp4,""
media/18F3360F-ABC2-4CD2-BCE1-DBE31638413F.mp4,""
media/AA24C5A5-89EA-4BE1-8391-977AEFFF3C13.jpg,""
media/6120B331-DFA8-47B1-B88D-4BF91525863B.jpg,""
media/7B128315-D448-4788-9C45-4450638BC208.mp4,""
media/93338613-E6A2-4672-AD19-A7633824FD66.mp4,""
media/FBDAE322-EDED-416E-8D18-5045F36973D0.mp4,""
